anio,codigo_depto,codigo_muni,codigo_evento,num_casos,porcentaje_mun
1030953,2560,2561024,195204,935.0,0.05888205954959947
213375,530,530424,40569,117.0,0.007368129376794801
2116270,52550,52556306,406972,2558.0,0.16109123885334273
471128,6318,6319404,99705,279.0,0.017570154667741446
1018893,20746,20749036,199575,809.0,0.0509471509899743
581942,3757,3758734,112633,397.0,0.025001259509295177
507404,10332,10335276,96280,349.0,0.021978437200866542
938230,11650,11650466,179070,897.0,0.05648899188876014
2456584,24400,24413420,468624,2899.0,0.18256587233613783
215502,7276,7277391,39304,121.0,0.00762003123583052
1199992,10132,10139748,226143,1199.0,0.07550758224595698
1147656,48450,48455700,213281,867.0,0.054599727945992244
1775970,17640,17651466,351089,1695.0,0.10674341276638623
809407,16482,16488432,158104,608.0,0.03828908257342939
1032955,23373,22461688,211674,622.0,0.03917073908005441
855806,17969,17977075,170229,571.0,0.03595899037734899
888008,33516,33524820,165438,747.0,0.04704267217492065
382568,9880,9884180,72827,250.0,0.01574386618973248
293982,730,733066,59278,172.0,0.010831779938535947
24163,12012,903312,4575,12.0,0.000755705577107159
501315,11703,11710470,99939,323.0,0.020341075117134365
934252,19024,19033280,183156,788.0,0.04962466623003677
783344,7391,7399558,162979,687.0,0.043264144289384854
215436,1605,1607354,43237,119.0,0.00749408030631266
378582,13724,13728512,73893,259.0,0.016310645372562847
239608,4879,4882094,47423,128.0,0.00806085948914303
324215,4347,4351025,58923,172.0,0.010831779938535947
267756,1729,1732990,54307,150.0,0.009446319713839487
511449,18542,18548604,99307,362.0,0.022797118242732634
1371267,3405,3425430,266168,1351.0,0.08507985288931431
1071099,2660,2676492,211358,839.0,0.05283641493274221
571810,20732,20740520,113765,448.0,0.028213008212000606
773183,9600,9613440,153512,593.0,0.03734445060204544
541635,13988,13997684,108122,395.0,0.02487530857977732
1022969,38608,38626288,198297,906.0,0.0570557710715905
1576701,3915,3941622,304126,1690.0,0.10642853544259157
2010,1001,75024,511,1.0,6.297546475892992e-05
577882,1435,1445906,126078,388.0,0.02443448032646481
797348,9900,9915840,157045,725.0,0.04565721195022419
692591,1720,1733760,146730,502.0,0.03161368330898282
1574569,13294,13326844,295216,1690.0,0.10642853544259157
1049053,39596,39617361,201228,896.0,0.05642601642400121
2016,1001,75028,202,1.0,6.297546475892992e-05
294050,146146,11027380,54278,175.0,0.011020706332812737
493291,17885,17895535,97544,357.0,0.022482240918937982
390642,970,978536,75367,232.0,0.014610307824071743
2619669,6505,6563545,488417,3249.0,0.2046072850017633
446972,5550,5682978,88452,318.0,0.020026197793339716
753063,24684,24700830,142304,627.0,0.03948561640384906
813433,6060,6078988,166551,637.0,0.040115371051438364
1139640,26602,26631998,222908,881.0,0.055481384452617265
781169,6596,6615400,151094,660.0,0.04156380674089375
420786,14212,14222659,82958,278.0,0.01750717920298252
2188751,88047,88048087,421731,2368.0,0.14912590054914607
1040965,41877,41910605,203534,975.0,0.06140107813995667
779231,9675,9695511,153836,652.0,0.04106000302282231
414773,10712,10722506,81003,288.0,0.01813693385057182
459081,12312,12323628,91543,329.0,0.020718927905687946
980529,2435,2459837,194590,741.0,0.046664819386367073
348365,2595,2603823,72742,220.0,0.013854602246964583
422900,2730,2738820,84795,232.0,0.014610307824071743
1546345,24789,24829336,315245,1115.0,0.07021764320620687
24159,12012,900384,4851,13.0,0.000818681041866089
837639,19552,19576128,162359,657.0,0.04137488034661696
1729728,11167,11211668,335711,1792.0,0.11285203284800242
4605289,134685,134696683,856426,15337.0,0.9658547030077081
761064,27594,27614790,147043,667.0,0.04200463499420626
291999,1885,1893990,60897,168.0,0.010579878079500227
314149,156156,11783148,51153,185.0,0.011650460980402035
549641,5460,5468736,111028,359.0,0.022608191848455843
728897,26426,26450254,143605,528.0,0.033251045392715
241598,3240,3246000,48370,130.0,0.00818681041866089
6050,3003,225108,1632,3.0,0.00018892639427678975
4026,2002,150080,1008,2.0,0.00012595092951785984
1536397,17549,17600884,300326,1387.0,0.08734696962063579
310103,4158,4169242,61531,174.0,0.010957730868053807
336244,4509,4521525,69715,201.0,0.012658068416544915
342266,4590,4603090,67353,192.0,0.012091289233714544
1038982,20426,20464700,205153,692.0,0.0435790216131795
1631038,6480,6543180,313626,1658.0,0.10441332057030582
459064,9348,9365784,90708,287.0,0.01807395838581289
966428,24960,24997920,196736,657.0,0.04137488034661696
2015,1001,75052,304,1.0,6.297546475892992e-05
2768637,42785,42892485,526660,2789.0,0.17563857121265555
475178,16048,16066644,94105,318.0,0.020026197793339716
299998,7450,7466390,57203,161.0,0.010139049826187716
3751132,126684,126834903,706679,8296.0,0.5224444556400827
755059,16500,16529250,153568,532.0,0.03350294725175072
126845,5922,5943609,25808,72.0,0.004534233462642955
404739,2613,2627874,79811,240.0,0.01511411154214318
6397216,25416,25419177,1208212,49772.0,3.13441483198146
632242,6280,6294130,126185,403.0,0.02537911229784876
573801,4845,4870080,108162,503.0,0.03167665877374175
4357646,10820,11010432,827094,13545.0,0.8530026701597058
287939,715,727298,61261,181.0,0.011398559121366317
112756,1400,1404816,23629,62.0,0.003904478815053655
984579,13958,13999827,186403,657.0,0.04137488034661696
573823,5130,5156790,113156,377.0,0.02374175021411658
1191937,39072,39124096,221742,1107.0,0.06971383948813542
165070,1230,1237380,30010,95.0,0.005982669152098343
541614,1345,1369479,110819,355.0,0.02235628998942012
1071139,11228,11277340,204383,777.0,0.04893193611768855
151013,1125,1131900,30730,86.0,0.005415889969267973
183237,2275,2283645,37027,107.0,0.006738374729205502
479212,3570,3593086,89486,356.0,0.022419265454179053
410748,11016,11036196,80918,262.0,0.016499571766839638
8414960,45969,45973179,1619182,228495.0,14.389578820091693
410713,5100,5120196,80905,249.0,0.01568089072497355
281965,3780,3793860,53261,158.0,0.009950123431910927
8050,4004,300272,1527,4.0,0.0002519018590357197
2267144,57853,57965852,439549,1714.0,0.10793994659680588
1244357,12360,12397080,250184,964.0,0.060708348027608446
563750,4200,4229120,111525,399.0,0.02512721043881304
98651,49049,3678724,17572,110.0,0.0069273011234822915
579882,2420,2450718,122969,405.0,0.02550506322736662
5253616,177412,177414609,975150,25374.0,1.597939442793088
159053,4266,4274611,31881,88.0,0.005541840898785832
4318902,163020,163253805,835403,9126.0,0.5747140913899945
1731580,32966,33049814,334223,1220.0,0.07683006700589451
946341,8930,8981700,188771,780.0,0.04912086251196533
926344,23920,23970600,181625,706.0,0.044460678119804524
1081374,40812,40872681,201712,1040.0,0.06549448334928712
2012,1001,75100,510,1.0,6.297546475892992e-05
402684,1000,1022600,82800,249.0,0.01568089072497355
78530,585,589446,15238,42.0,0.0026449695198750567
2013,1001,75056,605,1.0,6.297546475892992e-05
410740,8540,8564560,83665,223.0,0.014043528641241374
219455,5450,5463516,40935,126.0,0.00793490855962517
12073,564,569316,2147,6.0,0.0003778527885535795
606019,7525,7562023,117208,485.0,0.030543100408081014
442953,11880,11908160,88160,292.0,0.018388835709607535
386588,960,984000,73134,239.0,0.01505113607738425
1447756,54644,54731718,266474,1695.0,0.10674341276638623
390676,13580,13604056,74241,242.0,0.01524006247166104
1020865,37011,37073868,195956,868.0,0.05466270341075117
1192053,11248,11324960,235757,1047.0,0.06593531160259963
1631127,20250,20352060,314930,1549.0,0.09754899491158245
1109452,19053,19112015,218359,807.0,0.05082120006045644
2225013,69615,69758650,403017,3503.0,0.22060305305053154
2436427,7340,7496348,439121,3083.0,0.19415335785178095
1093302,10317,10391391,221356,913.0,0.057496599324903024
7162538,270332,270335557,1355643,100162.0,6.307748501183939
56391,1904,1907696,9941,28.0,0.0017633130132500379
753065,28424,28471124,152390,596.0,0.03753337699632223
1077126,10165,10240970,214432,904.0,0.056929820142072644
2017,1001,75120,700,1.0,6.297546475892992e-05
444994,1105,1134614,90600,298.0,0.018766688498161117
694760,2760,2807265,134091,547.0,0.03444757922313467
1473938,30012,30108624,286853,1422.0,0.08955111088719835
201330,1500,1513500,41197,127.0,0.007997884024384101
22158,11011,826364,4864,13.0,0.000818681041866089
541655,6187,6211210,106048,334.0,0.021033805229482592
2768755,85868,86049764,521336,3061.0,0.1927678976270845
245654,1586,1605520,49261,135.0,0.008501687742455539
742958,9225,9279612,146745,717.0,0.045153408232152754
434915,14688,14719752,81517,316.0,0.019900246863821854
346353,860,884424,68548,221.0,0.013917577711723512
316084,785,807765,58310,211.0,0.013287823064134214
245655,8296,8314544,51061,155.0,0.009761197037634136
1343086,3335,3433049,269575,1177.0,0.0741221220212605
638357,23141,23187916,122637,460.0,0.028968713789107762
459082,5700,5735112,92232,323.0,0.020341075117134365
116765,1566,1574700,24890,64.0,0.004030429744571515
342305,850,875500,67327,225.0,0.014169479570759234
6068944,39182,39185014,1151250,29173.0,1.8371832334122626
1036921,9270,9347250,209807,795.0,0.05006549448334929
3165390,119472,119703084,590056,6729.0,0.4237619023628394
116775,5626,5635338,24322,60.0,0.003778527885535795
394664,14308,14337792,75419,274.0,0.017255277343946798
471147,11700,11735100,91061,304.0,0.019144541286714695
2251358,5590,5762172,434144,2882.0,0.18149528943523602
734963,1825,1875370,138929,527.0,0.03318806992795607
86567,2924,2930880,16394,48.0,0.003022822308428636
2279485,26036,26219384,437335,2882.0,0.18149528943523602
287933,2145,2168166,55895,191.0,0.012028313768955615
300035,10132,10156138,60627,163.0,0.010265000755705578
326126,7614,7640082,64181,213.0,0.013413773993652074
640335,16536,16612320,127788,424.0,0.026701597057786287
281885,3500,3523520,55229,185.0,0.011650460980402035
159056,5530,5548170,31007,91.0,0.005730767293062622
1842408,66795,66948720,356901,2276.0,0.1433321577913245
742991,25092,25153623,149941,612.0,0.03854098443246511
211424,7140,7157745,43833,116.0,0.007305153912035871
555674,12972,13018920,114394,346.0,0.02178951080658975
1765839,4385,4535844,348121,1809.0,0.11392261574890424
22162,11011,826672,4170,11.0,0.000692730112348229
167092,5644,5658608,34052,87.0,0.005478865434026903
879956,8740,8816475,177820,673.0,0.04238248778275984
477156,5451,5490816,91582,342.0,0.02153760894755403
8055,4004,300624,1330,4.0,0.0002519018590357197
314098,2340,2366832,58669,218.0,0.013728651317446721
2196811,18547,18736834,400715,2774.0,0.17469393924127158
708816,19008,19068544,138880,530.0,0.03337699632223286
1411613,16123,16250582,272308,1412.0,0.08892135623960905
549777,6825,6873594,103901,382.0,0.02405662753791123
318101,10744,10772282,58499,216.0,0.013602700387928861
1826278,13605,13764632,355223,2189.0,0.1378532923572976
998737,9920,10008288,196533,745.0,0.0469167212454028
310066,2310,2337720,61417,204.0,0.012846994810821705
579896,4320,4372704,120270,500.0,0.03148773237946496
436946,11718,11755758,89140,294.0,0.018514786639125397
406720,3030,3067370,83505,268.0,0.016877424555393216
189264,1410,1427578,36184,102.0,0.006423497405410853
153029,1140,1157936,29696,79.0,0.0049750617159554636
694715,8625,8687445,136586,542.0,0.034132701899340014
885929,11000,11080520,182353,686.0,0.04320116882462592
118789,5015,5015885,26834,61.0,0.0038415033502947255
2535166,31475,31695325,476838,3423.0,0.21556501586981713
259766,1935,1964928,52292,146.0,0.009194417854803768
430987,2782,2822232,85112,251.0,0.01580684165449141
1179779,39848,39959340,239797,983.0,0.06190488185802811
1328960,41580,41705400,241874,1282.0,0.08073454582094815
749105,1860,1930680,145855,582.0,0.03665172048969721
1340989,3330,3397266,255907,1250.0,0.0787193309486624
2611586,60959,61204133,493379,3773.0,0.23760642853544262
1590680,18170,18319310,306306,1708.0,0.10756209380825231
316127,2355,2384673,62477,222.0,0.013980553176482443
443024,2860,2908840,85965,259.0,0.016310645372562847
745027,1850,1922890,139468,618.0,0.038918837221018694
606093,21973,22033200,116539,482.0,0.030354174013804223
898037,11150,11239200,174976,824.0,0.051891782961358254
416839,8487,8529642,79895,277.0,0.01744420373822359
295997,10290,10319988,57350,180.0,0.011335583656607386
855602,27438,27526787,170439,575.0,0.036210892236384705
650309,12640,12706713,128624,413.0,0.026008866945438056
1246386,10067,10195707,243779,1044.0,0.06574638520832284
604127,8100,8161500,114841,390.0,0.024560431255982666
175164,5916,5934183,34314,91.0,0.005730767293062622
6040,3003,225540,1025,3.0,0.00018892639427678975
608053,15704,15766514,120180,461.0,0.029031689253866694
414763,10712,10755260,81944,254.0,0.015995768048768202
386573,13056,13096512,80452,260.0,0.01637362083732178
600000,16092,16153388,124596,436.0,0.027457302634893443
2100328,5215,5436116,389540,2540.0,0.159957680487682
277845,2070,2099256,54175,163.0,0.010265000755705578
1183920,11172,11296656,235686,1228.0,0.07733387072396594
394628,13328,13370532,78990,242.0,0.01524006247166104
1774157,61670,61859415,340875,1925.0,0.1212277696609401
201342,1500,1521500,43205,118.0,0.007431104841553731
16123,8008,601504,2966,8.0,0.0005038037180714394
2015,1001,75384,109,1.0,6.297546475892992e-05
817560,10150,10236884,155346,609.0,0.03835205803818832
509454,5819,5894900,97636,327.0,0.020592976976170085
251685,1875,1902250,44424,157.0,0.009887147967151998
539621,18760,18819228,108255,345.0,0.021726535341830822
1127619,40880,41001520,225685,1095.0,0.06895813391102826
211430,8505,8528100,44145,117.0,0.007368129376794801
444997,11492,11541504,87562,295.0,0.018577762103884326
12092,6006,451152,2337,6.0,0.0003778527885535795
346364,8600,8638356,67893,203.0,0.012784019346062775
326106,2430,2466126,62974,175.0,0.011020706332812737
241546,1800,1826880,48986,142.0,0.00894251599576805
356422,4425,4464648,74019,214.0,0.013476749458411003
416815,11178,11224161,86129,286.0,0.018010982921053957
932173,23150,23254638,178116,709.0,0.044649604514081315
626318,30789,31029403,128079,389.0,0.024497455791223737
1000862,25844,25956819,204621,723.0,0.045531261020706336
360397,9308,9349707,77256,214.0,0.013476749458411003
567780,20586,20649732,114250,449.0,0.028275983676759535
475123,4248,4296380,96908,309.0,0.019459418610509347
577838,19516,19581723,110623,419.0,0.026386719733991638
1161739,11540,11671556,227367,958.0,0.060330495239054864
165083,1230,1248532,29997,91.0,0.005730767293062622
1061084,2635,2698240,221360,1003.0,0.06316439115320671
163095,4374,4384125,30024,92.0,0.005793742757821553
962529,11950,12022178,179471,768.0,0.048365156934858176
146979,1971,1982680,26543,79.0,0.0049750617159554636
630169,4695,4758852,125303,427.0,0.026890523452063077
1369277,30166,30311162,283925,967.0,0.06089727442188523
5666303,151956,151958814,1061051,29241.0,1.84146556501587
900004,2235,2339598,181008,668.0,0.042067610458965184
1552402,58596,58775643,305648,1588.0,0.10000503803718071
624220,13640,13667900,128521,442.0,0.027835155423447024
8060,4004,300832,1332,4.0,0.0002519018590357197
382531,8360,8378620,76727,219.0,0.013791626782205652
537544,19491,19554012,106255,466.0,0.029346566577661343
753075,1870,1958638,146122,601.0,0.03784825432011688
3586404,117546,117848770,668323,7903.0,0.4976950979898232
2714349,20220,20540824,519545,4259.0,0.26821250440828254
298003,7992,8027372,54600,182.0,0.011461534586125244
696705,1730,1813040,137483,555.0,0.03495138294120611
167126,83083,6243094,38857,99.0,0.006234571011134062
2011,1001,75818,303,1.0,6.297546475892992e-05
1540381,3825,4016250,306569,1561.0,0.09830470048868961
1761909,41125,41339375,342358,1835.0,0.11555997783263641
412742,15580,15630430,80573,278.0,0.01750717920298252
98645,2450,2462005,18796,52.0,0.003274724167464356
112743,1512,1519560,23551,61.0,0.0038415033502947255
479202,12852,12910310,93654,317.0,0.019963222328580787
426863,5724,5775940,82772,256.0,0.01612171897828606
1661187,10725,10926300,323780,1615.0,0.10170537558567183
495235,16728,16785810,104819,325.0,0.020467026046652223
1516328,3765,3876444,293825,1396.0,0.08791374880346617
416776,10350,10401957,84099,259.0,0.016310645372562847
1943056,73340,73579320,364424,2404.0,0.15139301728046753
479120,12376,12435500,99387,306.0,0.019270492216232556
378511,2820,2865872,77016,255.0,0.01605874351352713
1175853,14600,14743080,228542,1236.0,0.07783767444203739
942307,9360,9471384,187924,717.0,0.045153408232152754
958405,8568,8685572,189147,786.0,0.049498715300518914
209416,5200,5228080,40895,123.0,0.007745982165348381
642271,24244,24323750,125850,473.0,0.02978739483097385
62395,2821,2829153,13252,31.0,0.0019522394075268275
251667,1875,1906000,50678,151.0,0.009509295178598418
140918,4760,4777150,31470,77.0,0.0048491107864376045
398707,2574,2623104,74430,270.0,0.017003375484911078
110762,1485,1498750,21162,59.0,0.0037155524207768656
267778,5852,5866630,52133,150.0,0.009446319713839487
813443,8080,8181000,160959,608.0,0.03828908257342939
730899,6534,6626928,142052,531.0,0.03343997178699179
352418,9100,9144450,75291,265.0,0.01668849816111643
670479,10310,10396236,138065,399.0,0.02512721043881304
537589,12549,12617886,105758,419.0,0.026386719733991638
652322,22032,22114620,133472,466.0,0.029346566577661343
440931,20805,20810475,92808,274.0,0.017255277343946798
686566,16027,16118388,132319,483.0,0.030417149478563152
356416,12390,12431241,69748,212.0,0.013350798528893143
551718,6850,6921240,110001,354.0,0.02229331452466119
344315,8892,8935776,70937,207.0,0.013035921205098493
4026,2002,150444,606,2.0,0.00012595092951785984
1270557,3155,3594807,240791,1175.0,0.07399617109174267
414782,10712,10765148,81847,246.0,0.015491964330696762
2218888,33313,33596612,441052,2134.0,0.13438964179555646
432914,11610,11663750,91888,306.0,0.019270492216232556
992699,26622,26750673,194532,772.0,0.0486170587938939
517427,19532,19594451,106304,351.0,0.022104388130384404
185260,3772,3794448,36872,109.0,0.006864325658723361
100693,3400,3413200,19199,59.0,0.0037155524207768656
221485,7480,7509260,44566,130.0,0.00818681041866089
481231,1195,1258096,97595,304.0,0.019144541286714695
3238131,8040,8467728,598231,7769.0,0.48925638571212654
2010,1001,75232,611,1.0,6.297546475892992e-05
98672,49049,3710476,18999,53.0,0.003337699632223286
2448529,88768,89093888,457789,3836.0,0.2415738828152552
302028,150150,11376000,56467,178.0,0.011209632727089526
2565287,31850,32192706,493908,3799.0,0.23924379061917478
459001,16644,16705560,85792,344.0,0.021663559877071893
6031,3003,226929,928,3.0,0.00018892639427678975
692673,5848,5941568,132747,530.0,0.03337699632223286
670444,20979,21069576,131715,499.0,0.03142475691470603
12084,6006,453648,2432,6.0,0.0003778527885535795
398632,2970,3023856,77131,275.0,0.01731825280870573
1379270,50005,50193375,258204,1382.0,0.08703209229684115
3914320,35160,35210496,748473,6395.0,0.40272809713335683
370464,2760,2810784,76393,226.0,0.014232455035518161
1904801,71896,72156150,358268,2174.0,0.13690866038591365
3610415,121924,122418868,658664,8650.0,0.5447377701647438
253649,8568,8602146,50608,170.0,0.010705829009018087
1053100,23012,23157917,213056,839.0,0.05283641493274221
682520,27459,27560700,137640,549.0,0.03457353015265253
360375,4475,4525299,72425,248.0,0.01561791526021462
34224,17017,1279250,6727,17.0,0.0010705829009018087
30157,15015,1128735,6207,17.0,0.0010705829009018087
249684,6448,6512480,49986,141.0,0.008879540531009119
1059175,2630,2778332,203341,944.0,0.05944883873242985
1286648,46647,46827837,241560,1486.0,0.09358154063176986
944349,2345,2478196,182060,690.0,0.043453070683661645
638297,15850,15940979,128010,408.0,0.02569398962164341
1904908,44462,44734448,366780,1860.0,0.11713436445160966
505352,13052,13124037,110126,345.0,0.021726535341830822
1812254,22500,22757400,347615,1961.0,0.12349488639226158
3183629,39525,39983490,609399,7065.0,0.44492165852183985
670550,8325,8417907,131532,526.0,0.03312509446319714
304022,3775,3818488,61929,181.0,0.011398559121366317
390590,4850,4906842,71228,265.0,0.01668849816111643
485321,6025,6096095,98649,283.0,0.017822056526777166
245634,1830,1865746,47717,143.0,0.009005491460526979
777168,9650,9764642,151950,709.0,0.044649604514081315
1141874,4536,4703832,219886,1008.0,0.06347926847700136
624292,21700,21772850,119339,426.0,0.02682754798730415
231593,7820,7854040,45175,129.0,0.008123834953901959
289956,3600,3643056,59626,196.0,0.012343191092750264
505425,5020,5094045,94690,302.0,0.019018590357196836
980612,7305,7450613,187432,841.0,0.05296236586226006
2080113,42353,42660834,396314,2402.0,0.15126706635094966
12060,6006,451434,2533,7.0,0.00044082825331250947
1133545,23083,23255278,219699,1044.0,0.06574638520832284
996707,37620,37771470,191012,793.0,0.04993954355383143
263798,655,695086,54948,168.0,0.010579878079500227
3016544,37450,37909886,564974,5992.0,0.37734898483550805
1560632,3875,4113700,291963,1574.0,0.09912338153055571
2814970,95064,95493186,531389,3959.0,0.24931986498060357
213448,2120,2152860,43116,117.0,0.007368129376794801
233529,6264,6300308,44629,133.0,0.00837573681293768
3124946,61816,61375602,606054,3246.0,0.2044183586074865
285911,9656,9701156,53821,175.0,0.011020706332812737
197299,1470,1501066,36720,114.0,0.0071792029825180105
1312863,49552,49759336,243472,1398.0,0.08803969973298403
682592,6441,6542700,142133,515.0,0.032432364350848904
624130,7750,7848270,132701,433.0,0.027268376240616655
769128,19864,19985094,158465,627.0,0.03948561640384906
3010346,113620,113785945,570077,5964.0,0.37558567182225805
1431585,27864,28090348,281906,958.0,0.060330495239054864
1363186,16925,17141640,268723,1381.0,0.08696911683208222
696669,17992,18102720,136412,561.0,0.035329235729759684
382560,9880,9941370,72836,246.0,0.015491964330696762
1421552,34163,34387508,278098,1145.0,0.07210690714897476
1600835,58035,58288605,298372,1976.0,0.12443951836364552
702749,6631,6741982,138399,484.0,0.03048012494332208
163080,5508,5534082,33583,88.0,0.005541840898785832
414863,14420,14474590,84384,250.0,0.01574386618973248
1486082,3690,3924684,283615,1479.0,0.09314071237845735
612093,7600,7697888,120239,402.0,0.02531613683308983
380626,945,1005669,73120,235.0,0.014799234218348532
193287,2400,2431104,37693,113.0,0.0071162275177590805
416855,5175,5242482,79627,258.0,0.016247669907803918
710766,5295,5408666,139066,559.0,0.035203284800241826
265812,8976,9018768,50895,178.0,0.011209632727089526
243646,3025,3064688,46963,172.0,0.010831779938535947
263800,3275,3318885,50858,158.0,0.009950123431910927
2017,1001,75254,304,1.0,6.297546475892992e-05
408662,3045,3110975,77441,249.0,0.01568089072497355
181230,2250,2280510,36437,103.0,0.006486472870169782
2013,1001,75328,615,1.0,6.297546475892992e-05
676526,22176,22282848,128852,512.0,0.03224343795657212
263819,8908,8947038,56136,154.0,0.009698221572875209
356355,2655,2707392,68613,219.0,0.013791626782205652
567809,17766,17851164,113924,395.0,0.02487530857977732
581914,1445,1534590,109679,428.0,0.026953498916822007
265737,8976,9019164,52318,165.0,0.010390951685223438
334241,2490,2545112,68285,204.0,0.012846994810821705
209384,5616,5651776,39660,117.0,0.007368129376794801
12084,6006,451992,2149,6.0,0.0003778527885535795
328226,2119,2167900,62173,190.0,0.011965338304196686
108728,3672,3690576,24239,54.0,0.0034006750969822154
432834,18275,18301875,87582,280.0,0.017633130132500376
384693,8404,8476198,78054,232.0,0.014610307824071743
380574,945,1010583,73378,270.0,0.017003375484911078
128836,3456,3478208,24588,71.0,0.004471257997884025
428860,15549,15622911,87006,302.0,0.019018590357196836
348376,865,926069,72104,211.0,0.013287823064134214
479169,9758,9841062,94771,315.0,0.019837271399062925
136958,68068,5135904,22844,75.0,0.004723159856919744
1596763,57889,58165757,302016,1914.0,0.12053503954859188
14099,7007,527380,3231,7.0,0.00044082825331250947
2016,1001,75348,604,1.0,6.297546475892992e-05
5096618,184763,184765531,954738,22815.0,1.436785228474986
551748,20002,20098448,107678,433.0,0.027268376240616655
440901,11388,11465088,87615,293.0,0.018451811174366468
449026,11596,11674942,89129,307.0,0.019333467680991485
2016,1001,75360,212,1.0,6.297546475892992e-05
795366,7505,7645225,163190,585.0,0.036840646883974
1044995,48786,48786519,213351,680.0,0.04282331603607235
2680108,69212,69685836,529473,3876.0,0.24409290140561235
511464,10414,10504678,105793,299.0,0.01882966396292005
4028,2002,150744,413,3.0,0.00018892639427678975
2014,1001,75238,213,1.0,6.297546475892992e-05
4020,2002,151160,620,2.0,0.00012595092951785984
2015,1001,75796,615,1.0,6.297546475892992e-05
98537,49049,3716650,23314,65.0,0.004093405209330445
968567,19721,19893679,183413,843.0,0.05308831679177792
6048,3003,226128,1712,3.0,0.00018892639427678975
920122,12339,12503977,184482,659.0,0.04150083127613482
3636698,9030,9680160,676723,9294.0,0.5852939694694947
20146,10010,753800,4765,10.0,0.0006297546475892993
950427,2360,2530392,188163,839.0,0.05283641493274221
161073,1200,1228960,31663,92.0,0.005793742757821553
6045,3003,226164,1039,3.0,0.00018892639427678975
324196,3059,3117604,68590,186.0,0.011713436445160966
2744561,103588,104084132,526708,4329.0,0.2726207869414076
6042,3003,226176,1632,3.0,0.00018892639427678975
873890,2170,2327976,164869,701.0,0.044145800796009875
507401,3780,3872484,101872,372.0,0.023426872890321932
1083291,4360,4557984,211563,744.0,0.046853745780643864
157055,1950,1978704,28857,94.0,0.005919693687339412
221483,7480,7520480,42975,134.0,0.008438712277696608
72505,2448,2461320,14926,36.0,0.0022671167313214773
583928,2320,2427880,111667,430.0,0.027079449846339868
485245,6025,6114652,93132,340.0,0.021411658018036173
106703,1431,1450716,22025,56.0,0.0035266260265000757
672490,7682,7798900,136991,492.0,0.030983928661393524
559798,11398,11503084,111658,386.0,0.02430852939694695
243691,8228,8273617,46473,135.0,0.008501687742455539
1039063,12900,13094532,197763,794.0,0.050002519018590354
257713,1920,1968640,52788,160.0,0.010076074361428789
1993538,4950,5322240,382820,2157.0,0.13583807748501184
513476,16830,16927665,96766,338.0,0.021285707088518315
94629,4277,4296035,20624,51.0,0.0032117487027054263
926199,23920,24093880,184552,805.0,0.050695249130938584
801391,30248,30398046,152476,560.0,0.03526626026500075
2607705,22015,22507100,486915,3735.0,0.23521336087460326
279856,7506,7559515,56686,177.0,0.011146657262330596
1894870,4705,5062580,353608,2228.0,0.14030933548289584
509459,13156,13252393,98845,354.0,0.02229331452466119
577915,5740,5849921,116820,373.0,0.023489848355080858
924270,9180,9363600,178182,673.0,0.04238248778275984
66425,1452,1465860,13169,34.0,0.0021411658018036174
306067,7904,7962520,62667,174.0,0.010957730868053807
446974,11100,11177700,91625,282.0,0.017759081062018237
455058,3842,3929688,88600,300.0,0.018892639427678975
1592874,19775,20080326,314470,1600.0,0.10076074361428787
501263,4482,4584090,104206,325.0,0.020467026046652223
749029,9300,9446568,140052,605.0,0.0381001561791526
1123542,17544,17860726,220794,733.0,0.046161015668295634
114756,5187,5210199,19878,59.0,0.0037155524207768656
473173,5875,5968530,96781,351.0,0.022104388130384404
543688,1350,1455300,108068,359.0,0.022608191848455843
1782146,36285,36635460,342788,1695.0,0.10674341276638623
332187,8910,8975670,67371,196.0,0.012343191092750264
430883,21186,21298136,85598,254.0,0.015995768048768202
58394,2465,2468944,12661,34.0,0.0021411658018036174
434945,4104,4188672,86283,273.0,0.01719230187918787
1524230,47691,47994557,285458,1519.0,0.09565973096881454
118760,3068,3091010,25328,65.0,0.004093405209330445
4107606,106317,107132354,796853,3743.0,0.2357171645926747
301981,2250,2310450,57140,201.0,0.012658068416544915
1677212,18365,18697816,332307,1338.0,0.08426117184744823
958407,33278,33469786,188944,788.0,0.04962466623003677
1620961,53130,53452000,291225,1700.0,0.10705829009018088
358390,9612,9679106,71750,233.0,0.014673283288830672
263721,1965,2014387,50502,145.0,0.009131442390044838
549722,18564,18669105,105740,382.0,0.02405662753791123
1145638,38692,38923014,225765,946.0,0.0595747896619477
380543,9828,9904545,82191,250.0,0.01574386618973248
517427,12850,12952800,93973,357.0,0.022482240918937982
551655,6850,6961518,117358,355.0,0.02235628998942012
1544276,69797,69797767,295674,1128.0,0.07103632424807295
2015,1001,75428,104,1.0,6.297546475892992e-05
4021,2002,150844,806,2.0,0.00012595092951785984
600030,1490,1612478,117055,386.0,0.02430852939694695
616114,15912,16037766,123053,472.0,0.029724419366214925
306090,4104,4166776,62796,179.0,0.011272608191848455
2404397,27462,27959898,454944,3433.0,0.2161947705174064
529589,13676,13785934,108706,323.0,0.020341075117134365
505468,5773,5878169,100099,315.0,0.019837271399062925
664548,23100,23237940,131086,481.0,0.03029119854904529
1981372,53136,53534520,372053,2125.0,0.13382286261272608
501376,16932,17036082,98470,319.0,0.020089173258098645
169114,4536,4571112,32285,98.0,0.006171595546375132
906083,3600,3789450,177772,730.0,0.04597208927401884
1063133,38544,38759424,201459,1029.0,0.06480175323693889
1840379,66722,67097654,347539,2206.0,0.1389238752581994
283904,2679,2737938,59666,170.0,0.010705829009018087
342309,2550,2622250,63926,235.0,0.014799234218348532
98696,3332,3352825,18624,56.0,0.0035266260265000757
527585,1310,1421350,108435,365.0,0.02298604463700942
463057,5750,5847980,87161,371.0,0.023363897425563003
1781996,22125,22505550,339428,1794.0,0.11297798377752027
2782981,17966,18560260,530914,3944.0,0.24837523300921963
149013,3848,3879598,30993,78.0,0.004912086251196534
877934,5668,5856788,167478,648.0,0.04080810116378659
2567367,56100,56648250,503966,3214.0,0.2024031437352008
747128,25970,26129159,145789,532.0,0.03350294725175072
2136653,8488,8947413,401687,2471.0,0.15561237341931583
461150,11908,12007615,90375,311.0,0.019585369540027205
644442,2560,2699520,120618,515.0,0.032432364350848904
1031042,18400,18666596,210136,656.0,0.04131190488185803
4429957,37400,37402200,835128,17891.0,1.1266940400020151
386583,4800,4883712,76767,279.0,0.017570154667741446
936243,7905,8106345,179108,770.0,0.048491107864376035
604055,25500,25541700,117819,352.0,0.02216736359514333
4026,188,189326,616,2.0,0.00012595092951785984
328135,8150,8202975,65639,189.0,0.011902362839437755
344260,2223,2298240,66365,206.0,0.012972945740339564
1629128,4045,4400960,314414,1685.0,0.10611365811879692
394625,2940,3026632,75932,268.0,0.016877424555393216
535575,4522,4639572,108887,329.0,0.020718927905687946
787275,6647,6820604,155502,643.0,0.04049322383999194
990618,32472,32688480,191595,819.0,0.051576905637563605
197315,1666,1709708,39951,115.0,0.0072421784472769405
1361105,8788,9086792,270361,1237.0,0.07790064990679631
283910,9588,9650604,55710,168.0,0.010579878079500227
7132429,17710,17713542,1360296,98930.0,6.230162728600938
513497,6375,6486690,102037,337.0,0.021222731623759383
183211,2457,2495675,35648,93.0,0.005856718222580483
197327,2646,2688140,41464,110.0,0.0069273011234822915
324136,4347,4419450,66763,185.0,0.011650460980402035
1397419,50662,50973606,267686,1287.0,0.08104942314474281
620233,5852,5990600,129770,490.0,0.030857977731875662
575832,14300,14394380,116334,361.0,0.0227341427779737
314092,2808,2879760,63339,171.0,0.010768804473777016
1000722,20255,20440335,200654,651.0,0.04099702755806338
1256430,11856,12139920,252027,1079.0,0.06795052647488539
12073,546,548760,2532,6.0,0.0003778527885535795
767072,25146,25319736,144582,521.0,0.032810217139402485
881818,42486,42486438,178703,582.0,0.03665172048969721
1685487,71982,71982837,327318,1425.0,0.08974003728147514
636263,21488,21634624,122963,482.0,0.030354174013804223
297983,10064,10133264,59477,183.0,0.011524510050884175
571863,6532,6663776,111262,390.0,0.024560431255982666
1361174,8788,9104368,256393,1187.0,0.07475187666884982
368418,2745,2829912,70646,227.0,0.014295430500277092
310051,2310,2381764,57841,194.0,0.012217240163232406
1214217,9045,9327807,248506,1081.0,0.06807647740440324
459099,1140,1246476,91102,327.0,0.020592976976170085
231563,1495,1547670,45339,129.0,0.008123834953901959
1848361,21114,21541788,352721,1987.0,0.12513224847599375
1681265,52605,52997450,310674,1974.0,0.12431356743412766
650354,27455,27507326,126294,417.0,0.026260768804473776
4772336,54510,54512370,892500,15359.0,0.9672401632324046
1240227,10672,10963368,251160,916.0,0.05768552571917981
181224,1620,1663110,35942,103.0,0.006486472870169782
6038,282,284664,1021,3.0,0.00018892639427678975
469189,16310,16420209,88378,323.0,0.020341075117134365
2092203,29404,29895447,405995,1978.0,0.12456546929316338
354408,2640,2723776,68451,221.0,0.013917577711723512
565862,6463,6603500,114134,362.0,0.022797118242732634
187238,6789,6831873,36080,106.0,0.006675399264446572
134910,335,366825,23767,71.0,0.004471257997884025
813579,2020,2213920,168740,560.0,0.03526626026500075
227520,6102,6156240,47406,134.0,0.008438712277696608
456975,3405,3513960,92459,295.0,0.018577762103884326
934323,31552,31752448,182220,882.0,0.05554435991737619
36253,18018,1358712,7730,19.0,0.0011965338304196684
1177867,12534,12816054,233269,766.0,0.048239206005340325
1097457,39785,40048235,217276,1205.0,0.07588543503451056
783214,1945,2137555,160666,531.0,0.03343997178699179
1349119,3350,3678300,265242,1096.0,0.06902110937578719
1151739,9724,10001992,211799,1079.0,0.06795052647488539
4613144,93931,93933291,864158,14417.0,0.9079172754294926
585865,7275,7416426,114066,409.0,0.02575696508640234
8055,4004,302232,1423,4.0,0.0002519018590357197
340262,4225,4307472,67440,219.0,0.013791626782205652
259733,3225,3288081,52362,153.0,0.009635246108116278
718809,5355,5530287,142768,496.0,0.03123583052042924
416801,5175,5276637,81998,275.0,0.01731825280870573
416793,3519,3621465,83270,271.0,0.017066350949670007
94680,611,634030,18724,50.0,0.003148773237946496
422820,9870,9966600,83940,248.0,0.01561791526021462
2014,1001,75554,616,1.0,6.297546475892992e-05
342244,2550,2633980,69850,220.0,0.013854602246964583
356358,15045,15084825,75306,203.0,0.012784019346062775
102667,1377,1402245,20812,51.0,0.0032117487027054263
366432,7462,7549906,75709,213.0,0.013413773993652074
239586,3213,3271429,50039,137.0,0.008627638671973399
740946,27968,28150896,148113,583.0,0.036714695954456145
324155,10948,11028178,65261,196.0,0.012343191092750264
2702219,72468,73136316,520152,4246.0,0.2673938233664164
589964,19924,20070500,117471,413.0,0.026008866945438056
181222,1350,1395000,38334,103.0,0.006486472870169782
197309,490,539098,39651,105.0,0.006612423799687642
366474,9464,9553180,77534,244.0,0.015366013401178902
334298,11288,11371332,67599,214.0,0.013476749458411003
493279,10045,10168235,95564,319.0,0.020089173258098645
1081353,46182,46353840,214409,846.0,0.053277243186054715
402651,17000,17046000,83680,240.0,0.01511411154214318
1167837,42340,42632320,230993,1133.0,0.07135120157186761
410780,10608,10711224,85562,286.0,0.018010982921053957
420765,3135,3240963,83870,267.0,0.01681444909063429
736974,25620,25805928,140995,564.0,0.035518162124036474
247624,1845,1907853,47238,152.0,0.009572270643357347
1314917,16325,16659989,254038,1398.0,0.08803969973298403
132819,6402,6435726,24638,73.0,0.004597208927401884
529547,4997,5131919,105187,347.0,0.021852486271348684
324164,6601,6684398,66926,193.0,0.012154264698473475
710706,7060,7242501,137932,534.0,0.03362889818126858
295957,3675,3751146,61042,189.0,0.011902362839437755
1302863,9705,10038852,252716,1174.0,0.07393319562698372
124836,930,962116,25334,67.0,0.004219356138848304
1179942,24026,24333064,227564,936.0,0.05894503501435841
1431605,17319,17692872,266625,1113.0,0.070091692276689
98626,3332,3357578,20044,54.0,0.0034006750969822154
948403,3768,4012920,176806,708.0,0.04458662904932238
199391,6732,6783876,41418,114.0,0.0071792029825180105
4244794,160208,161304160,807521,14278.0,0.8991636858280014
469153,16310,16431859,92580,296.0,0.01864073756864326
555783,20148,20291520,110672,421.0,0.026512670663509496
1642983,44064,44486688,319580,1811.0,0.11404856667842209
296024,7938,8014440,57685,165.0,0.010390951685223438
8059,376,379548,2248,5.0,0.00031487732379464965
44309,22022,1663002,11330,23.0,0.0014484356894553883
283901,3525,3598884,58685,173.0,0.010894755403294876
148979,1110,1148628,27691,85.0,0.005352914504509043
8050,388,391108,1131,4.0,0.0002519018590357197
4025,2002,151200,911,2.0,0.00012595092951785984
398698,4950,5054940,76168,260.0,0.01637362083732178
489300,6075,6205005,91960,317.0,0.019963222328580787
4528547,116948,116950249,877542,14579.0,0.9181193007204393
1339076,12635,12988780,267067,1236.0,0.07783767444203739
515431,3840,3975936,103611,379.0,0.02386770114363444
90601,675,698985,17810,49.0,0.003085797773187566
1141672,48195,48336750,226639,916.0,0.05768552571917981
362412,2700,2796660,74342,222.0,0.013980553176482443
1129574,10659,10949037,231532,833.0,0.05245856214418863
239660,5593,5657379,47546,134.0,0.008438712277696608
761138,7560,7767900,146667,529.0,0.03331402085747393
968437,8177,8437221,183544,922.0,0.05806337850773339
312100,775,859165,61796,198.0,0.012469142022268124
4975633,163086,163088471,931928,22498.0,1.4168220061464054
56373,28028,2116912,10632,31.0,0.0019522394075268275
438937,3270,3388156,87618,304.0,0.019144541286714695
914136,2270,2515614,176677,771.0,0.04855408332913497
229549,2166,2226762,48738,138.0,0.00869061413673233
2786868,94112,94869048,520626,4185.0,0.2635523200161217
350339,12702,12797178,67594,250.0,0.01574386618973248
1355151,12787,13155804,257052,1262.0,0.07947503652576957
446999,13986,14107656,89573,296.0,0.01864073756864326
239597,5593,5657855,49226,146.0,0.009194417854803768
318083,10744,10830742,62770,183.0,0.011524510050884175
553721,3575,3725975,100803,362.0,0.022797118242732634
209482,832,889096,38053,123.0,0.007745982165348381
96643,720,746400,18519,49.0,0.003085797773187566
606059,12341,12505948,116590,410.0,0.025819940551161265
2827089,57564,58337604,543848,4387.0,0.2762733638974256
1125650,26273,26581009,217841,975.0,0.06140107813995667
958467,34748,35012180,195041,846.0,0.053277243186054715
1898889,21689,22212365,362482,2330.0,0.1467328328883067
1538287,35908,36332020,292518,1561.0,0.09830470048868961
396665,10244,10350380,86436,325.0,0.020467026046652223
2016,1001,75258,609,1.0,6.297546475892992e-05
632262,2512,2687212,122550,428.0,0.026953498916822007
640359,2544,2722080,126130,459.0,0.028905738324348833
4093846,38627,38629033,782451,10996.0,0.6924782104891934
394677,16660,16711548,73073,241.0,0.015177087006902111
2013,1001,75620,214,1.0,6.297546475892992e-05
618127,15964,16135920,129752,449.0,0.028275983676759535
1721497,64980,65461365,334333,1996.0,0.12569902765882413
507365,18396,18537876,92949,421.0,0.026512670663509496
567881,20352,20511172,113622,330.0,0.020781903370446875
511460,5080,5224780,99631,299.0,0.01882966396292005
898115,10258,10512220,172474,723.0,0.045531261020706336
873815,28644,28892248,163678,590.0,0.03715552420776865
469184,1165,1299208,85332,307.0,0.019333467680991485
879883,20539,20788090,162694,649.0,0.04087107662854552
817537,27608,27840232,157706,665.0,0.04187868406468839
551694,14248,14405002,114515,414.0,0.026071842410196985
12079,546,549180,2944,6.0,0.0003778527885535795
18121,819,823824,3871,9.0,0.0005667791828303693
1723488,73616,74102208,330941,1803.0,0.11354476296035064
1751740,4350,4853730,334067,1839.0,0.11581187969167213
1741699,12975,13469780,333351,1908.0,0.12015718676003828
535587,22876,23027354,107660,361.0,0.0227341427779737
817471,40194,40194406,167209,557.0,0.03507733387072396
1266625,5892,6255527,244824,1069.0,0.06732077182729608
354337,8800,8879200,73761,219.0,0.013791626782205652
565804,6463,6624294,117003,348.0,0.021915461736107613
1010718,25100,25385136,209973,795.0,0.05006549448334929
487291,20812,20950182,105266,332.0,0.020907854299964734
765013,32680,32897740,155203,490.0,0.030857977731875662
904192,10327,10587420,182642,725.0,0.04565721195022419
392593,9750,9862515,75887,256.0,0.01612171897828606
1264489,31400,31759844,254848,1120.0,0.0705325205300015
698627,1735,1937995,134369,481.0,0.03029119854904529
231597,10465,10527100,51762,118.0,0.007431104841553731
269812,9112,9188782,59653,153.0,0.009635246108116278
1479900,25258,21988766,298363,1164.0,0.07330344097939442
235567,9477,9546147,47116,130.0,0.00818681041866089
841655,10450,10689096,163719,635.0,0.0399894201219205
630210,17716,17891641,125583,380.0,0.023930676608393372
1798134,16967,17478689,347769,2033.0,0.12802911985490453
773260,1920,2146944,155533,553.0,0.03482543201168825
980431,33116,33396025,193534,743.0,0.04679077031588493
203330,2525,2583580,43170,115.0,0.0072421784472769405
823532,21268,21507265,160333,726.0,0.04572018741498312
614153,5795,5973425,122216,380.0,0.023930676608393372
1355191,49129,49522705,250375,1391.0,0.08759887147967152
537577,6141,6297462,104304,350.0,0.022041412665625475
835562,7055,7267895,160445,729.0,0.04590911380925991
227571,1695,1753082,45705,128.0,0.00806085948914303
211421,7140,7195965,41008,125.0,0.00787193309486624
263747,3275,3352552,52957,166.0,0.010453927149982367
396696,4925,5042018,75181,230.0,0.014484356894553881
3241739,43470,43471610,622011,4410.0,0.2777217995868809
1481950,46368,46805184,271640,1582.0,0.09962718524862714
1238403,40590,40955310,233227,1155.0,0.07273666179656406
503375,6250,6399000,97661,356.0,0.022419265454179053
320124,2385,2477220,69148,188.0,0.011839387374678824
279919,7506,7589261,54497,164.0,0.010327976220464507
608032,4530,4710898,123068,482.0,0.030354174013804223
76506,3230,3240602,13813,38.0,0.002393067660839337
134920,871,909860,29334,73.0,0.004597208927401884
14099,7007,530782,2823,7.0,0.00044082825331250947
2017,1001,75826,501,1.0,6.297546475892992e-05
988714,2455,2751564,195642,987.0,0.06215678371706383
255699,5969,6045835,50652,146.0,0.009194417854803768
755155,3000,3227250,143446,600.0,0.03778527885535795
2016,1001,75678,212,1.0,6.297546475892992e-05
16117,8008,601712,2559,8.0,0.0005038037180714394
2011,1001,75004,605,1.0,6.297546475892992e-05
2014,1001,75364,303,1.0,6.297546475892992e-05
2013,1001,75356,212,1.0,6.297546475892992e-05
30158,15015,1139970,6488,15.0,0.0009446319713839488
1538335,48444,48906984,296121,1230.0,0.0774598216534838
900132,2235,2506329,171225,613.0,0.038603959897224045
1200058,23891,24255752,242256,803.0,0.050569298201420726
686640,24893,25103056,136656,466.0,0.029346566577661343
885959,33440,33711040,175662,669.0,0.042130585923724116
3278054,71632,71633628,627663,4472.0,0.2816262784019346
3634738,37879,38989075,693099,4771.0,0.3004559423648546
2553075,24526,25304849,501484,2914.0,0.1835105043075218
682542,5763,5971824,133167,470.0,0.029598468436697063
964548,19639,19933585,190326,799.0,0.050317396342385
265745,6864,6945972,55969,143.0,0.009005491460526979
1536425,57988,58462586,295618,1671.0,0.1052320016121719
261700,9490,9570860,54169,158.0,0.009950123431910927
223503,1665,1733931,43546,126.0,0.00793490855962517
438915,4142,4277596,81840,301.0,0.018955614892437904
1117546,40515,40861320,218297,1096.0,0.06902110937578719
2016,1001,75642,512,1.0,6.297546475892992e-05
380565,2835,2948400,80642,253.0,0.01593279258400927
104680,1404,1434160,22454,55.0,0.0034636505617411458
241589,3240,3312000,48985,132.0,0.00831276134817875
344336,2223,2325600,73031,189.0,0.011902362839437755
573880,5700,5874990,111842,382.0,0.02405662753791123
1012683,34204,34533465,201181,867.0,0.054599727945992244
976585,3880,4187490,186445,783.0,0.04930978890624213
2617677,17045,17841246,491432,2954.0,0.18602952289787897
253701,5922,6005160,50188,149.0,0.009383344249080558
1802468,4475,5039745,330399,1999.0,0.1258879540531009
680537,5070,5283616,134563,511.0,0.032180462491813194
2182899,24932,25647440,408577,3038.0,0.19131946193762908
503370,10250,10415000,100376,342.0,0.02153760894755403
1504141,18309,18800905,297176,1253.0,0.0789082573429392
444968,11934,12079860,88342,298.0,0.018766688498161117
873855,31682,31973214,166180,699.0,0.04401984986649202
467195,14616,14776080,85539,307.0,0.019333467680991485
914176,2270,2561468,176782,817.0,0.05145095470804575
912094,6795,7087638,185665,627.0,0.03948561640384906
1103403,28496,28867544,223549,929.0,0.058504206761045896
950386,8024,8336464,185633,843.0,0.05308831679177792
1173935,40810,41200610,224875,1124.0,0.07078442238903723
1264481,25748,26167504,242333,1139.0,0.07172905436042118
849653,8440,8739620,167034,629.0,0.03961156733336692
2116104,87548,87714047,404655,2068.0,0.13023326112146708
992775,11339,11669310,186045,735.0,0.04628696659781349
370499,920,1039048,76449,238.0,0.01498816061262532
3495619,90272,91721560,687574,5780.0,0.36399818630661496
958448,10948,11267872,188500,828.0,0.05214368482039397
636256,23068,23281300,126791,468.0,0.029472517507179205
634252,7875,8078175,121657,465.0,0.029283591112902414
140944,4760,4807110,27871,78.0,0.004912086251196534
674560,23450,23677130,131308,490.0,0.030857977731875662
869780,16173,16460532,173818,569.0,0.03583303944783112
912152,10419,10724775,188767,764.0,0.04811325507582246
203339,5454,5521670,41979,117.0,0.007368129376794801
1403446,9551,10013126,275330,977.0,0.06152702906947453
420809,10450,10592120,83114,260.0,0.01637362083732178
553694,11080,11262475,108339,333.0,0.020970829764723663
253708,1638,1716120,47075,163.0,0.010265000755705578
640316,6360,6598500,125393,399.0,0.02512721043881304
175214,1305,1362420,35963,100.0,0.006297546475892992
521498,3367,3534573,100807,380.0,0.023930676608393372
10067,470,474415,1441,5.0,0.00031487732379464965
247673,1599,1678950,50700,141.0,0.008879540531009119
1236245,22116,22535106,245514,812.0,0.0511360773842511
1816288,61336,61948458,352201,2045.0,0.1287848254320117
674586,4355,4574090,123688,562.0,0.035392211194518616
155045,1001,1051435,33036,83.0,0.005226963574991183
650392,1615,1826888,130115,469.0,0.029535492971938134
213439,7208,7280292,41165,126.0,0.00793490855962517
348323,2941,3056045,64115,200.0,0.012595092951785984
209409,520,588432,38636,124.0,0.00780895763010731
338253,11424,11538912,65696,210.0,0.013224847599375283
350329,2610,2725536,69778,226.0,0.014232455035518161
157081,1794,1847196,30066,86.0,0.005415889969267973
535607,4788,4950260,108085,381.0,0.0239936520731523
1699381,80180,80180844,327174,1434.0,0.09030681646430551
209386,2808,2876640,45396,153.0,0.009635246108116278
1000714,6461,6787529,184521,933.0,0.05875610862008161
416826,10350,10491381,78468,273.0,0.01719230187918787
485261,16870,17039182,89717,351.0,0.022104388130384404
694665,8625,8853390,142907,554.0,0.03488840747644718
769189,1910,2161738,158342,504.0,0.03173963423850068
1455863,31812,32281950,281824,1232.0,0.07758577258300167
94624,2350,2382242,19580,54.0,0.0034006750969822154
2015,1001,75659,206,1.0,6.297546475892992e-05
730920,18876,19125381,143152,573.0,0.03608494130686685
1435697,30765,31242780,279646,1172.0,0.07380724469746587
368459,2745,2867061,73903,231.0,0.014547332359312812
281891,11900,11945500,57717,151.0,0.009509295178598418
1065230,37030,37422518,201629,1003.0,0.06316439115320671
1498097,52080,52606752,288255,1268.0,0.07985288931432315
2013,1001,75674,214,1.0,6.297546475892992e-05
1771784,33410,34044913,338487,1392.0,0.08766184694443045
493280,3185,3348415,96802,312.0,0.019648345004786134
346304,2580,2695756,66042,263.0,0.01656254723159857
596069,24232,24451244,119255,417.0,0.026260768804473776
330212,2460,2570864,63739,215.0,0.013539724923169934
1252440,43540,43983486,243241,1220.0,0.07683006700589451
1812224,27417,28029269,364085,1345.0,0.08470200010076073
384538,2865,2995071,78084,240.0,0.01511411154214318
1490094,54200,54711780,292886,1103.0,0.0694619376290997
396663,10244,10380718,78905,233.0,0.014673283288830672
966516,2400,2718720,189574,804.0,0.05063227366617966
1014843,2520,2855160,203012,799.0,0.050317396342385
1143757,13064,13453648,227750,937.0,0.059008010479117336
682569,1695,1921113,127777,529.0,0.03331402085747393
869801,2160,2449440,170684,762.0,0.0479873041463046
569884,5377,5573119,116359,415.0,0.026134817874955914
549714,12831,13019916,111713,379.0,0.02386770114363444
1435643,52049,52364859,270303,1685.0,0.10611365811879692
839686,2085,2366058,164288,652.0,0.04106000302282231
1248323,42160,42587180,243957,1102.0,0.06939896216434077
1552394,13878,14458563,319421,1465.0,0.09225905587183234
338261,7896,8014104,66393,203.0,0.012784019346062775
1022843,26416,26762964,199653,885.0,0.055733286311652974
684645,15980,16220380,134199,524.0,0.032999143533679276
1447730,9877,10367621,281161,1209.0,0.07613733689354628
263774,6157,6251320,49458,174.0,0.010957730868053807
390663,2522,2652562,75132,236.0,0.014862209683107462
130884,4420,4466800,26284,73.0,0.004597208927401884
324157,11753,11863446,65025,201.0,0.012658068416544915
366501,4435,1779811,69415,217.0,0.013665675852687792
4981720,116278,116280474,937257,16689.0,1.0509975313617814
736975,11730,11979180,139784,451.0,0.028401934606277397
1004752,6985,7327311,192667,651.0,0.04099702755806338
2239163,73392,74150384,416417,3241.0,0.20410348128369185
1304704,3240,3684528,261337,1156.0,0.07279963726132298
694665,5175,5414085,136569,480.0,0.03022822308428636
936283,6045,6364920,188949,719.0,0.04527935916167061
120810,5940,5977440,24906,64.0,0.004030429744571515
273872,2040,2134656,53711,160.0,0.010076074361428789
477273,12324,12489663,97873,304.0,0.019144541286714695
1145763,2845,2868898,233508,1008.0,0.06347926847700136
493268,3675,3843070,98882,308.0,0.019396443145750418
2504951,23636,24504312,478885,3305.0,0.2081339110282634
565840,21830,22037720,115598,337.0,0.021222731623759383
954445,33180,33568680,192926,865.0,0.054473777016474385
555657,1380,1570440,108158,391.0,0.0246234067207416
990730,3936,4273020,187829,847.0,0.05334021865081364
742949,24354,24607503,139185,593.0,0.03734445060204544
416793,10764,10913040,84046,274.0,0.017255277343946798
1689385,67959,68576504,314549,1807.0,0.11379666481938636
791299,21222,21504960,160968,611.0,0.03847800896770618
797415,9900,10184328,161078,640.0,0.040304297445715155
253683,1890,1980720,51476,166.0,0.010453927149982367
106690,795,833319,19989,56.0,0.0035266260265000757
1344977,3340,3831648,268414,1548.0,0.09748601944682352
457112,5675,5842072,87955,285.0,0.017948007456295028
1793953,67716,68371776,336514,2181.0,0.13734948863922616
408727,3045,3195220,84528,256.0,0.01612171897828606
1353044,16800,17297280,261508,1121.0,0.07059549599476045
724833,30960,31229640,138387,477.0,0.03003929669000957
267760,7182,7280819,50690,164.0,0.010327976220464507
952370,11825,12176439,179678,761.0,0.04792432868154567
1081321,10203,10601991,218890,755.0,0.04754647589299209
408699,13804,13955235,83692,257.0,0.016184694443044993
600037,7450,7672010,121570,439.0,0.027646229029170234
620065,4004,4233152,119600,383.0,0.024119603002670163
2497182,210904,59353759,569415,2504.0,0.1576905637563605
3892390,135310,135311933,733929,9510.0,0.5988966698574236
84528,1134,1165290,16096,44.0,0.002770920449392916
747060,17437,17713395,142559,536.0,0.03375484911078643
4415845,54825,56478522,859682,12741.0,0.8023703964935262
724891,5400,5671080,139222,556.0,0.03501435840596504
483244,3600,3781680,98071,376.0,0.02367877474935765
1329031,44880,45378300,260425,1261.0,0.07941206106101062
569765,4245,4458665,118488,400.0,0.025190185903571968
2899573,21600,22692960,566027,4762.0,0.2998891631820243
322138,2880,3000960,64215,175.0,0.011020706332812737
4412033,17528,19188778,821369,11574.0,0.7288780291198549
328146,2934,3061955,68850,192.0,0.012091289233714544
348307,2595,2726653,66875,227.0,0.014295430500277092
1393325,3460,3983152,263928,1455.0,0.09162930122424304
777243,1930,2223746,151390,609.0,0.03835205803818832
384632,2483,2628160,76257,241.0,0.015177087006902111
763183,9475,9762282,145769,538.0,0.0338808000403043
195319,1455,1528914,40939,108.0,0.006801350193964431
354392,2640,2774464,70222,210.0,0.013224847599375283
579858,4320,4539744,121767,382.0,0.02405662753791123
535629,5054,5256160,103135,356.0,0.022419265454179053
515556,17408,17605120,98808,382.0,0.02405662753791123
406792,1616,1771540,76158,272.0,0.01712932641442894
718822,14637,14911890,143513,540.0,0.034006750969822155
601948,7475,7704931,110903,402.0,0.02531613683308983
1393512,39326,39862282,265743,936.0,0.05894503501435841
2015,1001,75752,307,1.0,6.297546475892992e-05
628234,7800,8040864,124300,434.0,0.027331351705375585
22142,11011,833316,4693,11.0,0.000692730112348229
296003,3675,3789219,61341,203.0,0.012784019346062775
1316871,11118,11626158,252054,1206.0,0.07594841049926948
195242,6596,6671660,38184,110.0,0.0069273011234822915
42277,21021,1590540,6729,21.0,0.0013224847599375283
440911,5475,5645601,89147,291.0,0.018325860244848606
273827,2040,2145264,55148,159.0,0.010013098896669858
360400,2685,2823904,71225,226.0,0.014232455035518161
289952,3600,3712464,61648,170.0,0.010705829009018087
402702,3000,3155600,77845,262.0,0.016499571766839638
1071213,19072,19485300,214440,756.0,0.04760945135775102
80522,3400,3412600,15778,40.0,0.002519018590357197
245630,1830,1907836,50319,140.0,0.008816565066250188
763087,9475,9772515,148177,529.0,0.03331402085747393
847696,11367,11698327,164546,559.0,0.035203284800241826
445026,2873,3045380,87341,297.0,0.018703713033402188
614182,6100,6340035,116205,414.0,0.026071842410196985
1659097,66744,67398256,320562,1646.0,0.10365761499319866
857678,22152,22486836,183478,728.0,0.04584613834450098
618099,15964,16205916,122996,473.0,0.02978739483097385
86565,4171,4199638,18576,43.0,0.0027079449846339866
138924,6279,6334062,29831,69.0,0.004345307068366165
1260408,3130,3624540,253286,1256.0,0.07909718373721598
674528,13735,13999985,128767,523.0,0.03293616806892035
356428,885,1025184,68378,207.0,0.013035921205098493
463086,3450,3631700,89708,292.0,0.018388835709607535
680520,28730,28868580,130575,431.0,0.027142425311098794
370471,4600,4745912,78100,216.0,0.013602700387928861
557708,11357,11578323,111326,385.0,0.024245553932188017
424846,5275,5443167,86023,292.0,0.018388835709607535
424915,9917,10085378,80423,266.0,0.01675147362587536
732905,9100,9390836,140180,517.0,0.03255831528036677
388596,2895,3049014,72927,261.0,0.01643659630208071
386516,10368,10521600,79108,253.0,0.01593279258400927
4021,2002,150550,1111,2.0,0.00012595092951785984
467137,9512,9697832,94985,288.0,0.01813693385057182
577888,11767,11995739,116000,384.0,0.024182578467429088
320114,3975,4102995,62055,224.0,0.014106504106000303
606074,4515,4757004,120343,479.0,0.030165247619527432
622127,4635,4884054,121526,438.0,0.027583253564411304
314117,3900,4025892,59545,189.0,0.011902362839437755
1500057,40230,40833450,296083,1395.0,0.08785077333870724
2216998,25323,26211507,437837,2645.0,0.16657010428736965
859768,17507,17851589,164647,772.0,0.0486170587938939
430949,4066,4239126,91881,252.0,0.01586981711925034
1385473,13072,13627216,271920,1303.0,0.08205703058088568
223497,1665,1754688,43329,129.0,0.008123834953901959
245669,1830,1928820,47452,141.0,0.008879540531009119
386589,2496,2651520,78975,227.0,0.014295430500277092
658456,1635,1899543,127480,478.0,0.0301022721547685
525510,3915,4127454,106956,356.0,0.022419265454179053
1093364,13575,14017545,218573,990.0,0.062345710111340616
773178,9600,9913728,152210,517.0,0.03255831528036677
316125,2355,2483112,63698,189.0,0.011902362839437755
1185939,23035,23517801,242574,890.0,0.05604816363544763
803381,27930,28258377,157959,600.0,0.03778527885535795
245654,8296,8396040,49567,135.0,0.008501687742455539
336309,4175,4312441,64543,226.0,0.014232455035518161
646328,6099,6362541,137299,413.0,0.026008866945438056
869782,32832,33187536,166283,749.0,0.047168623104438506
332196,2475,2610630,66754,216.0,0.013602700387928861
706668,6669,6958224,145343,461.0,0.029031689253866694
448931,18955,19050890,91906,291.0,0.018325860244848606
10063,5005,378900,2763,5.0,0.00031487732379464965
803422,30324,30654372,154617,722.0,0.0454682855559474
463112,1840,2031360,94333,290.0,0.018262884780089677
660512,7544,7811320,127119,383.0,0.024119603002670163
3834002,144704,146291936,718666,9634.0,0.6067056274875309
2998229,22335,22336489,587190,5020.0,0.3161368330898282
116765,870,918256,25152,63.0,0.003967454279812585
1812273,11700,12452400,352074,1900.0,0.11965338304196685
563780,3640,3874640,115174,362.0,0.022797118242732634
2849290,7075,8259355,548852,3761.0,0.23685072295833542
527492,3930,4148770,107310,387.0,0.02437150486170588
505355,3765,3975087,97994,339.0,0.021348682553277244
157060,1170,1235442,30202,89.0,0.005604816363544763
243605,10285,10333400,48307,143.0,0.009005491460526979
894093,2220,2570316,174865,788.0,0.04962466623003677
235556,1755,1850940,46945,137.0,0.008627638671973399
1586537,40976,41636344,311839,1635.0,0.10296488488085041
601966,7475,7725861,115405,455.0,0.028653836465313113
604073,7500,7752300,118667,401.0,0.0252531613683309
4022,2002,151608,914,2.0,0.00012595092951785984
352360,13300,13447875,62896,234.0,0.014736258753589603
503283,3750,3960500,107165,360.0,0.022671167313214773
374551,4650,4807170,73260,243.0,0.015303037936419971
350250,4698,4837200,71554,209.0,0.013161872134616353
22163,11011,826914,3766,11.0,0.000692730112348229
225469,3024,3114720,46151,124.0,0.00780895763010731
354345,880,1028192,69818,204.0,0.012846994810821705
388561,9650,9721410,82454,250.0,0.01574386618973248
1107493,24200,24665850,221807,840.0,0.052899390397501134
1284615,3190,3730386,242590,1148.0,0.07229583354325156
6043,3003,227574,1112,4.0,0.0002519018590357197
424812,9284,9464405,79896,257.0,0.016184694443044993
449058,1784,1973327,85254,269.0,0.01694040002015215
759110,1885,2206958,160259,623.0,0.039233714544813336
1073234,12259,12714715,205949,861.0,0.05422187515743866
364418,12308,12462755,70265,239.0,0.01505113607738425
362421,13140,13293720,67407,246.0,0.015491964330696762
815579,34830,35180325,173126,637.0,0.040115371051438364
4770208,47380,47382369,900643,12750.0,0.8029371756763566
712775,3668,3971608,138938,473.0,0.02978739483097385
589953,1465,1716394,116746,489.0,0.030795002267116733
819506,29711,30061427,160791,675.0,0.0425084387122777
936231,4505,4866670,190586,639.0,0.04024132198095622
946688,470470,35655140,190730,675.0,0.0425084387122777
742979,5535,5852709,148805,544.0,0.03425865282885788
511419,6350,6568948,104354,365.0,0.02298604463700942
529522,19988,20214969,98191,355.0,0.02235628998942012
98655,3332,3374483,20998,52.0,0.003274724167464356
326180,4050,4190454,63796,195.0,0.012280215627991333
551676,4658,4895558,106400,420.0,0.026449695198750567
191292,475,557935,38198,102.0,0.006423497405410853
618078,23332,23598783,121052,403.0,0.02537911229784876
261781,7020,7133230,51007,168.0,0.010579878079500227
722810,6821,7124355,137415,540.0,0.034006750969822155
648402,4830,4961054,129594,445.0,0.028024081817723815
1407515,17475,18064257,273890,1342.0,0.08451307370648395
2029734,54432,55312992,387291,2253.0,0.14188372210186911
839585,35862,36231045,169042,614.0,0.03866693536198297
124836,1550,1604002,24046,67.0,0.004219356138848304
551706,20002,20240380,105692,414.0,0.026071842410196985
1731719,14620,15370780,322058,1921.0,0.12097586780190436
3141025,83359,84500692,597253,2254.0,0.14194669756662806
638239,7925,8201741,124158,452.0,0.028464910071036322
400691,14527,14700727,78021,260.0,0.01637362083732178
5076303,126050,126052521,960360,18307.0,1.15289183334173
442968,9020,9211840,82263,293.0,0.018451811174366468
1242457,15425,15964875,242676,1283.0,0.0807975212857071
839630,10425,10791126,161364,712.0,0.044838530908358105
287907,2145,2270697,60251,161.0,0.010139049826187716
861724,21400,21704308,173278,657.0,0.04137488034661696
863737,7293,7669233,157989,698.0,0.043956874401733084
1057111,35700,36152025,210891,991.0,0.062408685576099555
845707,10500,10871700,168622,641.0,0.040367272910474074
569822,14716,14966455,116714,406.0,0.02556803869212555
485319,9881,10094285,95163,316.0,0.019900246863821854
388593,965,1135805,85496,264.0,0.0166255226963575
1649103,4095,4821453,325812,1759.0,0.11077384251095773
56353,2716,2740892,10199,32.0,0.0020152148722857575
974524,2420,2850760,193526,814.0,0.051262028313768956
730809,1815,2139159,143572,529.0,0.03331402085747393
2945829,124355,124356463,561507,3798.0,0.23918081515441583
744987,28120,28449300,142851,575.0,0.036210892236384705
2444416,92264,93346888,461569,3648.0,0.22973449544057634
434903,2808,3001104,83195,279.0,0.017570154667741446
597999,20196,20461815,114764,445.0,0.028024081817723815
229614,5358,5467440,43959,133.0,0.00837573681293768
1085175,2695,3177405,221474,1056.0,0.06650209078543
1630983,61560,62284950,312937,1699.0,0.10699531462542194
418747,3120,3306576,78119,259.0,0.016310645372562847
275857,3425,3548026,51962,163.0,0.010265000755705578
2494883,30975,32088861,477981,3562.0,0.22431860547130839
1606842,37506,38288040,333203,1584.0,0.09975313617814499
1000819,26838,26839491,195251,945.0,0.059511814197188775
432887,1075,1082740,90991,283.0,0.017822056526777166
356389,4425,4575627,70128,232.0,0.014610307824071743
